{"parallax_mean_cluster":0.5429442203,"parallax_mean_valid":7.3720440252,"parallax_mean_diff":-6.8290998049,"pm_mag_mean_cluster":3.4225079678,"pm_mag_mean_valid":49.5895513544,"pm_mag_mean_diff":-46.1670433866,"pm_angle_diff_deg":3.1297698381,"color_mean_cluster":1.1868228951,"color_mean_valid":2.4662045637,"color_mean_diff":-1.2793816686,"M_G_mean_cluster":5.7899033844,"M_G_mean_valid":9.5419169928,"M_G_mean_diff":-3.7520136083}