{
  "label": 0,
  "method": "closest_to_valid_median",
  "score": 0.004697736678620243,
  "details": {
    "plx_c": 7.349364198624109,
    "pm_c": 49.45892877598694,
    "n": 1151,
    "plx_v": 7.37,
    "pm_v": 49.552968597498975
  }
}